{"name":"","children":[{"name":"hn","children":[{"name":"hn","size":124},{"name":"show","size":104},{"name":"web","size":40},{"name":"python","size":31},{"name":"js","size":31},{"name":"javascript","size":26},{"name":"app","size":22},{"name":"free","size":19},{"name":"game","size":19},{"name":"framework","size":18},{"name":"part","size":18},{"name":"ios","size":16},{"name":"development","size":14},{"name":"line","size":13},{"name":"fast","size":13},{"name":"introducing","size":13},{"name":"rust","size":13},{"name":"command","size":12},{"name":"engine","size":12},{"name":"based","size":11}]},{"name":"open","children":[{"name":"open","size":58},{"name":"google","size":52},{"name":"source","size":48},{"name":"data","size":28},{"name":"android","size":21},{"name":"code","size":21},{"name":"free","size":17},{"name":"app","size":17},{"name":"apple","size":16},{"name":"facebook","size":14},{"name":"future","size":13},{"name":"api","size":13},{"name":"email","size":13},{"name":"project","size":12},{"name":"made","size":12},{"name":"design","size":11},{"name":"game","size":11},{"name":"based","size":10},{"name":"ios","size":10},{"name":"secret","size":9}]},{"name":"programming","children":[{"name":"programming","size":46},{"name":"language","size":23},{"name":"pdf","size":18},{"name":"end","size":16},{"name":"public","size":14},{"name":"introduction","size":11},{"name":"swift","size":10},{"name":"court","size":9},{"name":"github","size":8},{"name":"supreme","size":7},{"name":"domain","size":7},{"name":"functional","size":7},{"name":"software","size":7},{"name":"problem","size":7},{"name":"languages","size":7},{"name":"chrome","size":6},{"name":"distributed","size":5},{"name":"systems","size":5},{"name":"python","size":5},{"name":"top","size":4}]},{"name":"hn","children":[{"name":"hn","size":41},{"name":"show","size":32},{"name":"day","size":12},{"name":"twitter","size":11},{"name":"work","size":11},{"name":"find","size":10},{"name":"job","size":8},{"name":"working","size":8},{"name":"time","size":7},{"name":"doesn","size":7},{"name":"startup","size":7},{"name":"idea","size":6},{"name":"ve","size":6},{"name":"put","size":6},{"name":"transit","size":5},{"name":"passwords","size":5},{"name":"bot","size":5},{"name":"tracking","size":5},{"name":"url","size":5},{"name":"tech","size":5}]},{"name":"time","children":[{"name":"time","size":27},{"name":"real","size":12},{"name":"google","size":12},{"name":"stop","size":10},{"name":"map","size":9},{"name":"power","size":9},{"name":"bill","size":8},{"name":"business","size":8},{"name":"high","size":8},{"name":"don","size":7},{"name":"build","size":7},{"name":"woman","size":6},{"name":"math","size":6},{"name":"people","size":6},{"name":"hate","size":5},{"name":"electric","size":5},{"name":"hackers","size":5},{"name":"live","size":5},{"name":"india","size":5},{"name":"pro","size":4}]},{"name":"world","children":[{"name":"world","size":12},{"name":"year","size":11},{"name":"business","size":8},{"name":"test","size":8},{"name":"man","size":8},{"name":"million","size":7},{"name":"bug","size":7},{"name":"silicon","size":7},{"name":"valley","size":7},{"name":"security","size":7},{"name":"discovered","size":6},{"name":"bitcoin","size":6},{"name":"found","size":6},{"name":"today","size":5},{"name":"tesla","size":5},{"name":"amazon","size":5},{"name":"call","size":5},{"name":"zuckerberg","size":4},{"name":"model","size":4},{"name":"turns","size":4}]},{"name":"google","children":[{"name":"google","size":23},{"name":"amazon","size":15},{"name":"patent","size":8},{"name":"work","size":7},{"name":"web","size":7},{"name":"company","size":7},{"name":"cloud","size":7},{"name":"taking","size":6},{"name":"smart","size":6},{"name":"drm","size":6},{"name":"microsoft","size":6},{"name":"privacy","size":5},{"name":"phone","size":5},{"name":"emails","size":5},{"name":"home","size":4},{"name":"growth","size":4},{"name":"tax","size":4},{"name":"apple","size":4},{"name":"software","size":4},{"name":"smartphone","size":4}]},{"name":"os","children":[{"name":"os","size":17},{"name":"developer","size":12},{"name":"firefox","size":11},{"name":"released","size":11},{"name":"stack","size":8},{"name":"years","size":8},{"name":"docker","size":8},{"name":"linux","size":7},{"name":"release","size":6},{"name":"containers","size":6},{"name":"beta","size":6},{"name":"start","size":6},{"name":"yosemite","size":5},{"name":"bit","size":5},{"name":"libraries","size":5},{"name":"performance","size":5},{"name":"javascript","size":5},{"name":"qk","size":5},{"name":"part","size":5},{"name":"screen","size":4}]},{"name":"learning","children":[{"name":"learning","size":19},{"name":"hacker","size":17},{"name":"pdf","size":15},{"name":"machine","size":13},{"name":"service","size":11},{"name":"news","size":10},{"name":"video","size":8},{"name":"deep","size":7},{"name":"unix","size":7},{"name":"review","size":5},{"name":"read","size":5},{"name":"performance","size":5},{"name":"hour","size":4},{"name":"git","size":4},{"name":"guide","size":4},{"name":"streaming","size":3},{"name":"classic","size":3},{"name":"peer","size":3},{"name":"vr","size":3},{"name":"children","size":3}]},{"name":"yc","children":[{"name":"yc","size":19},{"name":"make","size":13},{"name":"hiring","size":12},{"name":"uber","size":11},{"name":"car","size":9},{"name":"lives","size":8},{"name":"city","size":7},{"name":"engineers","size":7},{"name":"driving","size":6},{"name":"save","size":5},{"name":"taxi","size":5},{"name":"education","size":5},{"name":"lyft","size":5},{"name":"cars","size":5},{"name":"engineer","size":5},{"name":"clever","size":4},{"name":"hack","size":4},{"name":"nyc","size":4},{"name":"firm","size":4},{"name":"full","size":4}]}]}
