{"name":"","children":[{"name":"kingjames","children":[{"name":"kingjames","size":204},{"name":"love","size":112},{"name":"lol","size":110},{"name":"man","size":87},{"name":"don","size":64},{"name":"wow","size":52},{"name":"time","size":52},{"name":"people","size":51},{"name":"savannahrb","size":50},{"name":"good","size":49},{"name":"back","size":48},{"name":"crazy","size":45},{"name":"smh","size":45},{"name":"ll","size":36},{"name":"life","size":36},{"name":"#","size":30},{"name":"great","size":30},{"name":"damn","size":28},{"name":"ve","size":26},{"name":"bad","size":26}]},{"name":"great","children":[{"name":"great","size":100},{"name":"game","size":86},{"name":"team","size":73},{"name":"tonight","size":68},{"name":"today","size":61},{"name":"win","size":57},{"name":"good","size":52},{"name":"time","size":49},{"name":"st","size":47},{"name":"guys","size":41},{"name":"coach","size":37},{"name":"big","size":34},{"name":"congrats","size":34},{"name":"amazing","size":33},{"name":"boys","size":29},{"name":"football","size":28},{"name":"akron","size":27},{"name":"day","size":27},{"name":"play","size":23},{"name":"luck","size":22}]},{"name":"day","children":[{"name":"day","size":135},{"name":"happy","size":123},{"name":"love","size":42},{"name":"homie","size":38},{"name":"brother","size":33},{"name":"man","size":28},{"name":"long","size":24},{"name":"friend","size":20},{"name":"years","size":18},{"name":"birthday","size":18},{"name":"enjoy","size":18},{"name":"bday","size":18},{"name":"live","size":17},{"name":"today","size":17},{"name":"bro","size":17},{"name":"dwyanewade","size":15},{"name":"special","size":13},{"name":"jackson","size":10},{"name":"aka","size":10},{"name":"kingjames","size":10}]},{"name":"kingjames","children":[{"name":"kingjames","size":70},{"name":"sir","size":57},{"name":"homie","size":54},{"name":"bro","size":51},{"name":"big","size":46},{"name":"lil","size":41},{"name":"fam","size":37},{"name":"brandonweems","size":36},{"name":"fwalker","size":28},{"name":"ain","size":23},{"name":"#lafamilia","size":23},{"name":"congrats","size":20},{"name":"la","size":15},{"name":"today","size":15},{"name":"good","size":15},{"name":"love","size":14},{"name":"antdavis","size":11},{"name":"lol","size":11},{"name":"boys","size":11},{"name":"jared_sully","size":10}]},{"name":"back","children":[{"name":"back","size":69},{"name":"#striveforgreatness","size":60},{"name":"great","size":36},{"name":"good","size":35},{"name":"work","size":27},{"name":"season","size":23},{"name":"time","size":22},{"name":"home","size":22},{"name":"ready","size":21},{"name":"start","size":19},{"name":"morning","size":18},{"name":"miami","size":17},{"name":"happy","size":17},{"name":"ll","size":16},{"name":"excited","size":15},{"name":"year","size":14},{"name":"day","size":14},{"name":"road","size":12},{"name":"folks","size":12},{"name":"family","size":12}]},{"name":"kingjames","children":[{"name":"kingjames","size":46},{"name":"kdtrey","size":41},{"name":"dwyanewade","size":28},{"name":"homie","size":27},{"name":"game","size":25},{"name":"ready","size":25},{"name":"great","size":24},{"name":"cp","size":21},{"name":"night","size":21},{"name":"carmeloanthony","size":20},{"name":"tonight","size":20},{"name":"team","size":17},{"name":"times","size":16},{"name":"pm","size":15},{"name":"sir","size":14},{"name":"fun","size":12},{"name":"show","size":12},{"name":"league","size":12},{"name":"fans","size":10},{"name":"amareisreal","size":9}]},{"name":"mavcarter","children":[{"name":"mavcarter","size":56},{"name":"richpaul","size":43},{"name":"ernieramos","size":34},{"name":"china","size":25},{"name":"great","size":22},{"name":"mister","size":16},{"name":"kingjames","size":15},{"name":"lockerz","size":13},{"name":"savannahrb","size":13},{"name":"lbj","size":11},{"name":"amazing","size":11},{"name":"taipei","size":10},{"name":"fwalker","size":10},{"name":"dinner","size":10},{"name":"chengdu","size":8},{"name":"#wtt","size":8},{"name":"session","size":8},{"name":"xi","size":7},{"name":"lovingrachel","size":7},{"name":"pr_again","size":7}]},{"name":"guys","children":[{"name":"guys","size":41},{"name":"family","size":34},{"name":"love","size":34},{"name":"fans","size":32},{"name":"wanna","size":21},{"name":"world","size":19},{"name":"prayers","size":18},{"name":"friends","size":11},{"name":"kingjames","size":11},{"name":"don","size":9},{"name":"hope","size":9},{"name":"wishes","size":8},{"name":"season","size":8},{"name":"tough","size":7},{"name":"kid","size":7},{"name":"kevin","size":7},{"name":"hear","size":7},{"name":"hate","size":7},{"name":"recovery","size":7},{"name":"speedy","size":7}]},{"name":"star","children":[{"name":"star","size":38},{"name":"game","size":37},{"name":"bro","size":32},{"name":"congrats","size":27},{"name":"tonight","size":24},{"name":"#striveforgreatness","size":23},{"name":"lil","size":20},{"name":"swag","size":15},{"name":"cp","size":13},{"name":"pg","size":11},{"name":"proud","size":11},{"name":"big","size":10},{"name":"jersey","size":9},{"name":"kingjames","size":9},{"name":"homies","size":9},{"name":"mvp","size":8},{"name":"deserved","size":8},{"name":"_mia","size":8},{"name":"ebled","size":7},{"name":"kyrieirving","size":6}]},{"name":"kingjames","children":[{"name":"kingjames","size":51},{"name":"game","size":46},{"name":"nba","size":24},{"name":"play","size":19},{"name":"time","size":17},{"name":"basketball","size":16},{"name":"players","size":12},{"name":"player","size":12},{"name":"nfl","size":9},{"name":"wanna","size":9},{"name":"favorite","size":9},{"name":"mj","size":9},{"name":"lebron","size":8},{"name":"top","size":8},{"name":"head","size":8},{"name":"playing","size":8},{"name":"yeah","size":7},{"name":"greatest","size":7},{"name":"leave","size":6},{"name":"football","size":6}]}]}
