{"name":"","children":[{"name":"ferguson","children":[{"name":"ferguson","size":92},{"name":"missouri","size":42},{"name":"police","size":37},{"name":"brown","size":36},{"name":"shooting","size":33},{"name":"michael","size":33},{"name":"nyt","size":24},{"name":"officer","size":16},{"name":"#ferguson","size":15},{"name":"national","size":15},{"name":"photo","size":14},{"name":"protests","size":13},{"name":"night","size":12},{"name":"nytnational","size":12},{"name":"unrest","size":11},{"name":"twitter","size":10},{"name":"news","size":10},{"name":"alanblinder","size":9},{"name":"mo","size":9},{"name":"st","size":9}]},{"name":"obama","children":[{"name":"obama","size":53},{"name":"military","size":20},{"name":"president","size":19},{"name":"thecaucus","size":17},{"name":"iraq","size":14},{"name":"isis","size":14},{"name":"nyt","size":14},{"name":"nytopinion","size":12},{"name":"force","size":11},{"name":"action","size":11},{"name":"photo","size":10},{"name":"kidney","size":9},{"name":"israel","size":8},{"name":"air","size":8},{"name":"government","size":8},{"name":"castelnuovo","size":7},{"name":"rina","size":7},{"name":"congress","size":7},{"name":"costly","size":6},{"name":"easy","size":6}]},{"name":"isis","children":[{"name":"isis","size":22},{"name":"iraq","size":20},{"name":"killed","size":16},{"name":"american","size":13},{"name":"syria","size":13},{"name":"forces","size":12},{"name":"iraqi","size":10},{"name":"dam","size":8},{"name":"army","size":8},{"name":"man","size":8},{"name":"fighting","size":8},{"name":"northern","size":7},{"name":"general","size":7},{"name":"targets","size":6},{"name":"nytimesworld","size":6},{"name":"yazidis","size":6},{"name":"cars","size":6},{"name":"latest","size":6},{"name":"information","size":5},{"name":"kurdish","size":5}]},{"name":"ukraine","children":[{"name":"ukraine","size":50},{"name":"russian","size":27},{"name":"russia","size":22},{"name":"convoy","size":12},{"name":"aid","size":9},{"name":"talks","size":9},{"name":"putin","size":9},{"name":"malala","size":8},{"name":"border","size":7},{"name":"internet","size":7},{"name":"troops","size":7},{"name":"yousafzai","size":6},{"name":"nato","size":6},{"name":"questions","size":6},{"name":"military","size":6},{"name":"sanctions","size":6},{"name":"rebels","size":6},{"name":"syrian","size":6},{"name":"credentials","size":5},{"name":"crime","size":5}]},{"name":"news","children":[{"name":"news","size":50},{"name":"breaking","size":38},{"name":"iraq","size":31},{"name":"obama","size":26},{"name":"analysis","size":11},{"name":"iraqi","size":8},{"name":"militants","size":8},{"name":"house","size":7},{"name":"airstrikes","size":7},{"name":"strikes","size":7},{"name":"political","size":6},{"name":"minister","size":6},{"name":"military","size":6},{"name":"president","size":6},{"name":"prime","size":5},{"name":"attack","size":5},{"name":"syria","size":5},{"name":"control","size":5},{"name":"mountain","size":4},{"name":"issues","size":4}]},{"name":"york","children":[{"name":"york","size":45},{"name":"today","size":40},{"name":"city","size":39},{"name":"room","size":22},{"name":"nytarchives","size":18},{"name":"years","size":18},{"name":"ago","size":11},{"name":"nytimes","size":10},{"name":"film","size":7},{"name":"humans","size":6},{"name":"washington","size":6},{"name":"day","size":6},{"name":"page","size":5},{"name":"weekend","size":5},{"name":"march","size":5},{"name":"wine","size":5},{"name":"global","size":4},{"name":"sale","size":4},{"name":"fmanjoo","size":4},{"name":"german","size":4}]},{"name":"times","children":[{"name":"times","size":27},{"name":"sports","size":23},{"name":"life","size":19},{"name":"tennis","size":15},{"name":"play","size":11},{"name":"big","size":11},{"name":"work","size":7},{"name":"nytsports","size":7},{"name":"nyt","size":7},{"name":"photo","size":7},{"name":"conferences","size":6},{"name":"women","size":6},{"name":"race","size":6},{"name":"money","size":6},{"name":"real","size":6},{"name":"privacy","size":5},{"name":"ll","size":5},{"name":"benjamin","size":5},{"name":"bouchard","size":5},{"name":"eugenie","size":5}]},{"name":"brooklyn","children":[{"name":"brooklyn","size":18},{"name":"state","size":18},{"name":"america","size":15},{"name":"bridge","size":13},{"name":"upshotnyt","size":11},{"name":"shows","size":11},{"name":"divide","size":9},{"name":"people","size":9},{"name":"suicide","size":8},{"name":"leave","size":8},{"name":"art","size":8},{"name":"racial","size":7},{"name":"web","size":6},{"name":"charts","size":6},{"name":"taking","size":6},{"name":"put","size":6},{"name":"flags","size":5},{"name":"strong","size":5},{"name":"poll","size":5},{"name":"doesn","size":5}]},{"name":"gaza","children":[{"name":"gaza","size":36},{"name":"israel","size":26},{"name":"fire","size":16},{"name":"hamas","size":13},{"name":"israeli","size":10},{"name":"cease","size":10},{"name":"peter","size":8},{"name":"doctor","size":8},{"name":"palestinians","size":8},{"name":"war","size":8},{"name":"rocket","size":7},{"name":"capaldi","size":7},{"name":"role","size":7},{"name":"killed","size":7},{"name":"conflict","size":7},{"name":"strike","size":6},{"name":"fight","size":5},{"name":"recent","size":5},{"name":"strip","size":4},{"name":"part","size":4}]},{"name":"nytimesarts","children":[{"name":"nytimesarts","size":22},{"name":"awards","size":21},{"name":"emmy","size":17},{"name":"video","size":14},{"name":"music","size":12},{"name":"game","size":12},{"name":"critic","size":11},{"name":"recap","size":8},{"name":"emmys","size":8},{"name":"live","size":8},{"name":"notebook","size":8},{"name":"coverage","size":7},{"name":"red","size":7},{"name":"carpet","size":6},{"name":"louis","size":6},{"name":"netflix","size":6},{"name":"photos","size":6},{"name":"leftovers","size":5},{"name":"follow","size":5},{"name":"safe","size":5}]}]}
