{"name":"","children":[{"name":"apple","children":[{"name":"apple","size":172},{"name":"ios","size":81},{"name":"app","size":77},{"name":"iphone","size":57},{"name":"mac","size":40},{"name":"store","size":32},{"name":"apps","size":31},{"name":"os","size":30},{"name":"android","size":27},{"name":"launches","size":25},{"name":"developers","size":24},{"name":"ipad","size":20},{"name":"users","size":20},{"name":"markgurman","size":19},{"name":"public","size":18},{"name":"releases","size":16},{"name":"macrumors","size":16},{"name":"tv","size":16},{"name":"plans","size":16},{"name":"introduces","size":15}]},{"name":"amazon","children":[{"name":"amazon","size":61},{"name":"service","size":51},{"name":"video","size":39},{"name":"music","size":38},{"name":"tv","size":31},{"name":"streaming","size":30},{"name":"free","size":29},{"name":"live","size":24},{"name":"month","size":22},{"name":"youtube","size":21},{"name":"google","size":21},{"name":"code","size":20},{"name":"mobile","size":20},{"name":"xbox","size":19},{"name":"expands","size":17},{"name":"year","size":17},{"name":"announces","size":17},{"name":"site","size":16},{"name":"launch","size":16},{"name":"subscription","size":15}]},{"name":"raises","children":[{"name":"raises","size":91},{"name":"million","size":55},{"name":"series","size":32},{"name":"mobile","size":27},{"name":"techcrunch","size":26},{"name":"data","size":26},{"name":"startup","size":25},{"name":"app","size":25},{"name":"round","size":23},{"name":"funding","size":21},{"name":"launches","size":19},{"name":"firm","size":18},{"name":"ingridlunden","size":18},{"name":"led","size":18},{"name":"company","size":16},{"name":"business","size":15},{"name":"service","size":14},{"name":"cloud","size":14},{"name":"platform","size":14},{"name":"build","size":14}]},{"name":"samsung","children":[{"name":"samsung","size":57},{"name":"galaxy","size":30},{"name":"lg","size":27},{"name":"inch","size":22},{"name":"phone","size":22},{"name":"display","size":20},{"name":"smartwatch","size":18},{"name":"smartphone","size":17},{"name":"gear","size":17},{"name":"announces","size":17},{"name":"watch","size":15},{"name":"android","size":15},{"name":"sony","size":15},{"name":"moto","size":13},{"name":"htc","size":13},{"name":"gb","size":12},{"name":"july","size":11},{"name":"life","size":11},{"name":"verizon","size":11},{"name":"battery","size":10}]},{"name":"google","children":[{"name":"google","size":137},{"name":"search","size":51},{"name":"apps","size":25},{"name":"web","size":21},{"name":"ios","size":21},{"name":"glass","size":19},{"name":"android","size":18},{"name":"engine","size":17},{"name":"adds","size":17},{"name":"app","size":17},{"name":"integration","size":15},{"name":"business","size":15},{"name":"maps","size":15},{"name":"time","size":15},{"name":"verge","size":13},{"name":"torrentfreak","size":11},{"name":"partner","size":11},{"name":"features","size":11},{"name":"fredericl","size":9},{"name":"support","size":9}]},{"name":"google","children":[{"name":"google","size":119},{"name":"android","size":74},{"name":"play","size":24},{"name":"wear","size":22},{"name":"open","size":21},{"name":"chrome","size":18},{"name":"app","size":18},{"name":"source","size":16},{"name":"project","size":16},{"name":"devices","size":14},{"name":"partners","size":11},{"name":"report","size":10},{"name":"software","size":10},{"name":"bit","size":10},{"name":"arm","size":9},{"name":"nexus","size":8},{"name":"work","size":8},{"name":"show","size":8},{"name":"paid","size":8},{"name":"version","size":8}]},{"name":"facebook","children":[{"name":"facebook","size":59},{"name":"app","size":53},{"name":"techcrunch","size":24},{"name":"mobile","size":24},{"name":"ads","size":21},{"name":"snapchat","size":21},{"name":"video","size":19},{"name":"users","size":16},{"name":"messaging","size":15},{"name":"joshconstine","size":14},{"name":"sarahintampa","size":14},{"name":"links","size":13},{"name":"launches","size":13},{"name":"line","size":12},{"name":"lets","size":12},{"name":"photo","size":11},{"name":"rolls","size":11},{"name":"pinterest","size":8},{"name":"apps","size":8},{"name":"instagram","size":8}]},{"name":"revenue","children":[{"name":"revenue","size":36},{"name":"year","size":20},{"name":"sales","size":18},{"name":"users","size":18},{"name":"profit","size":17},{"name":"million","size":15},{"name":"quarter","size":14},{"name":"smartphone","size":14},{"name":"growth","size":14},{"name":"market","size":13},{"name":"estimates","size":12},{"name":"tablet","size":12},{"name":"share","size":11},{"name":"reports","size":10},{"name":"misses","size":9},{"name":"record","size":9},{"name":"earnings","size":9},{"name":"beats","size":9},{"name":"pc","size":9},{"name":"samsung","size":9}]},{"name":"microsoft","children":[{"name":"microsoft","size":73},{"name":"windows","size":68},{"name":"phone","size":43},{"name":"android","size":21},{"name":"tomwarren","size":18},{"name":"office","size":16},{"name":"web","size":14},{"name":"verge","size":13},{"name":"update","size":12},{"name":"maryjofoley","size":11},{"name":"phones","size":11},{"name":"start","size":10},{"name":"xbox","size":10},{"name":"support","size":9},{"name":"nokia","size":9},{"name":"finally","size":8},{"name":"updates","size":8},{"name":"beta","size":8},{"name":"cortana","size":7},{"name":"version","size":7}]},{"name":"acquires","children":[{"name":"acquires","size":42},{"name":"social","size":29},{"name":"media","size":27},{"name":"techcrunch","size":26},{"name":"platform","size":22},{"name":"yahoo","size":16},{"name":"mobile","size":16},{"name":"network","size":15},{"name":"startup","size":15},{"name":"real","size":14},{"name":"service","size":14},{"name":"twitter","size":13},{"name":"email","size":12},{"name":"ad","size":12},{"name":"time","size":12},{"name":"sharing","size":11},{"name":"ingridlunden","size":10},{"name":"dropbox","size":8},{"name":"testing","size":8},{"name":"buys","size":7}]}]}
